ts,host,url,hour,dns_ms,tcp_ms,tls_ms,server_ms,transfer_ms,total_ms,response_size,http_status,cache_state,conn_reuse,success,error_stage,error_type,source
2026-08-28T01:43:02,google.com,https://google.com/,1,54.079,61.951,57.612,141.427,0.046,330.141,847,301,cold,0,1,,,real
2026-08-28T01:43:04,cloudflare.com,https://cloudflare.com/,1,48.79,48.417,50.431,150.167,0.057,310.665,1156,301,cold,0,1,,,real
2026-08-28T01:43:05,expired.badssl.com,https://expired.badssl.com/,1,53.526,273.749,,,,612.167,0,,cold,0,0,TLS,SSLCertVerificationError,real
2026-08-28T01:43:06,wrong.host.badssl.com,https://wrong.host.badssl.com/,1,54.96,284.293,,,,728.844,0,,cold,0,0,TLS,SSLCertVerificationError,real
2026-08-28T01:43:08,github.com,https://github.com/duong-dan-loi-404-test,1,49.788,53.446,52.496,429.602,207.623,807.336,309934,404,cold,0,0,HTTP,status_404,real
2026-08-28T01:43:10,httpbin.org,https://httpbin.org/status/500,1,50.097,275.102,593.837,274.266,0.037,1206.308,246,500,cold,0,0,HTTP,status_500,real
2026-08-28T01:43:12,domain-khong-ton-tai-123456789.com,http://domain-khong-ton-tai-123456789.com/,1,,,,,,54.353,0,,cold,0,0,DNS,gaierror,real
2026-08-28T01:43:13,google.com,https://google.com/,1,0.447,53.954,52.322,142.504,0.037,262.793,847,301,cold,0,1,,,real
2026-08-28T01:43:15,cloudflare.com,https://cloudflare.com/,1,0.362,47.978,51.578,139.462,0.045,252.342,1154,301,cold,0,1,,,real
2026-08-28T01:43:16,expired.badssl.com,https://expired.badssl.com/,1,0.336,260.859,,,,535.508,0,,cold,0,0,TLS,SSLCertVerificationError,real
2026-08-28T01:43:17,wrong.host.badssl.com,https://wrong.host.badssl.com/,1,0.346,256.78,,,,530.659,0,,cold,0,0,TLS,SSLCertVerificationError,real
2026-08-28T01:43:19,github.com,https://github.com/duong-dan-loi-404-test,1,0.381,53.982,55.307,125.579,377.411,626.731,309931,404,cold,0,0,HTTP,status_404,real
2026-08-28T01:43:21,httpbin.org,https://httpbin.org/status/500,1,0.34,278.094,597.473,276.778,0.048,1166.236,246,500,cold,0,0,HTTP,status_500,real
2026-08-28T01:43:23,domain-khong-ton-tai-123456789.com,http://domain-khong-ton-tai-123456789.com/,1,,,,,,49.166,0,,cold,0,0,DNS,gaierror,real
2026-08-28T01:43:24,google.com,https://google.com/,1,0.348,53.983,55.147,143.013,0.034,265.305,847,301,cold,0,1,,,real
2026-08-28T01:43:25,cloudflare.com,https://cloudflare.com/,1,0.367,48.014,51.431,140.455,0.128,253.125,1162,301,cold,0,1,,,real
2026-08-28T01:43:26,expired.badssl.com,https://expired.badssl.com/,1,0.35,267.847,,,,656.956,0,,cold,0,0,TLS,SSLCertVerificationError,real
2026-08-28T01:43:28,wrong.host.badssl.com,https://wrong.host.badssl.com/,1,2.424,264.838,,,,550.874,0,,cold,0,0,TLS,SSLCertVerificationError,real
2026-08-28T01:43:29,github.com,https://github.com/duong-dan-loi-404-test,1,0.256,53.291,54.404,113.751,320.088,569.786,309919,404,cold,0,0,HTTP,status_404,real
2026-08-28T01:43:31,httpbin.org,https://httpbin.org/status/500,1,0.337,297.688,636.201,295.876,0.051,1243.045,246,500,cold,0,0,HTTP,status_500,real
2026-08-28T01:43:33,domain-khong-ton-tai-123456789.com,http://domain-khong-ton-tai-123456789.com/,1,,,,,,50.994,0,,cold,0,0,DNS,gaierror,real
2026-08-28T01:43:34,google.com,https://google.com/,1,0.344,53.338,97.913,143.019,0.034,309.995,847,301,cold,0,1,,,real
2026-08-28T01:43:36,cloudflare.com,https://cloudflare.com/,1,0.357,47.292,52.134,140.769,0.051,254.008,1158,301,cold,0,1,,,real
2026-08-28T01:43:37,expired.badssl.com,https://expired.badssl.com/,1,0.342,283.574,,,,581.337,0,,cold,0,0,TLS,SSLCertVerificationError,real
2026-08-28T01:43:38,wrong.host.badssl.com,https://wrong.host.badssl.com/,1,0.388,276.017,,,,598.262,0,,cold,0,0,TLS,SSLCertVerificationError,real
2026-08-28T01:43:40,github.com,https://github.com/duong-dan-loi-404-test,1,0.567,53.988,58.34,110.324,207.524,444.507,309915,404,cold,0,0,HTTP,status_404,real
2026-08-28T01:43:42,httpbin.org,https://httpbin.org/status/500,1,0.338,275.897,591.775,273.171,0.047,1154.591,246,500,cold,0,0,HTTP,status_500,real
2026-08-28T01:43:44,domain-khong-ton-tai-123456789.com,http://domain-khong-ton-tai-123456789.com/,1,,,,,,53.755,0,,cold,0,0,DNS,gaierror,real
2026-08-28T01:43:45,google.com,https://google.com/,1,0.346,53.52,54.353,142.778,0.035,280.267,847,301,cold,0,1,,,real
2026-08-28T01:43:46,cloudflare.com,https://cloudflare.com/,1,0.252,47.86,50.304,141.289,0.046,253.845,1157,301,cold,0,1,,,real
2026-08-28T01:43:47,expired.badssl.com,https://expired.badssl.com/,1,0.428,291.687,,,,589.111,0,,cold,0,0,TLS,SSLCertVerificationError,real
2026-08-28T01:43:49,wrong.host.badssl.com,https://wrong.host.badssl.com/,1,0.324,264.412,,,,593.322,0,,cold,0,0,TLS,SSLCertVerificationError,real
2026-08-28T01:43:50,github.com,https://github.com/duong-dan-loi-404-test,1,0.332,53.123,53.22,105.512,206.269,450.58,309945,404,cold,0,0,HTTP,status_404,real
2026-08-28T01:43:52,httpbin.org,https://httpbin.org/status/500,1,0.364,288.658,619.301,399.312,0.033,1336.917,246,500,cold,0,0,HTTP,status_500,real
2026-08-28T01:43:54,domain-khong-ton-tai-123456789.com,http://domain-khong-ton-tai-123456789.com/,1,,,,,,48.683,0,,cold,0,0,DNS,gaierror,real
2026-08-28T01:43:55,google.com,https://google.com/,1,0.358,53.403,52.539,142.115,0.034,261.682,847,301,cold,0,1,,,real
2026-08-28T01:43:57,cloudflare.com,https://cloudflare.com/,1,0.636,47.444,51.525,140.433,0.048,254.028,1158,301,cold,0,1,,,real
2026-08-28T01:43:58,expired.badssl.com,https://expired.badssl.com/,1,2.251,282.399,,,,578.846,0,,cold,0,0,TLS,SSLCertVerificationError,real
2026-08-28T01:43:59,wrong.host.badssl.com,https://wrong.host.badssl.com/,1,0.475,276.4,,,,568.601,0,,cold,0,0,TLS,SSLCertVerificationError,real
2026-08-28T01:44:01,github.com,https://github.com/duong-dan-loi-404-test,1,53.878,54.567,54.393,104.604,207.545,489.783,309926,404,cold,0,0,HTTP,status_404,real
2026-08-28T01:44:02,httpbin.org,https://httpbin.org/status/500,1,0.461,275.456,592.47,678.366,0.061,1560.059,246,500,cold,0,0,HTTP,status_500,real
2026-08-28T01:44:05,domain-khong-ton-tai-123456789.com,http://domain-khong-ton-tai-123456789.com/,1,,,,,,52.072,0,,cold,0,0,DNS,gaierror,real
2026-08-28T01:44:06,google.com,https://google.com/,1,0.368,54.574,52.102,144.619,0.035,278.464,847,301,cold,0,1,,,real
2026-08-28T01:44:07,cloudflare.com,https://cloudflare.com/,1,0.372,47.716,51.941,140.321,0.046,265.886,1156,301,cold,0,1,,,real
2026-08-28T01:44:09,expired.badssl.com,https://expired.badssl.com/,1,0.375,258.219,,,,540.433,0,,cold,0,0,TLS,SSLCertVerificationError,real
2026-08-28T01:44:10,wrong.host.badssl.com,https://wrong.host.badssl.com/,1,0.382,259.034,,,,532.875,0,,cold,0,0,TLS,SSLCertVerificationError,real
2026-08-28T01:44:12,github.com,https://github.com/duong-dan-loi-404-test,1,0.493,53.785,61.173,103.67,206.182,438.454,309947,404,cold,0,0,HTTP,status_404,real
2026-08-28T01:44:13,httpbin.org,https://httpbin.org/status/500,1,49.436,282.053,604.808,276.729,0.032,1233.518,246,500,cold,0,0,HTTP,status_500,real
2026-08-28T01:44:15,domain-khong-ton-tai-123456789.com,http://domain-khong-ton-tai-123456789.com/,1,,,,,,49.585,0,,cold,0,0,DNS,gaierror,real
2026-08-28T01:44:16,google.com,https://google.com/,1,0.539,75.719,54.124,142.177,0.056,306.662,847,301,cold,0,1,,,real
2026-08-28T01:44:18,cloudflare.com,https://cloudflare.com/,1,0.58,47.142,54.026,141.209,0.093,256.673,1164,301,cold,0,1,,,real
2026-08-28T01:44:19,expired.badssl.com,https://expired.badssl.com/,1,0.47,273.762,,,,572.526,0,,cold,0,0,TLS,SSLCertVerificationError,real
2026-08-28T01:44:21,wrong.host.badssl.com,https://wrong.host.badssl.com/,1,0.331,267.456,,,,593.462,0,,cold,0,0,TLS,SSLCertVerificationError,real
2026-08-28T01:44:22,github.com,https://github.com/duong-dan-loi-404-test,1,0.379,53.573,53.216,103.109,206.739,430.401,309948,404,cold,0,0,HTTP,status_404,real
2026-08-28T01:44:24,httpbin.org,https://httpbin.org/status/500,1,50.476,287.371,614.541,287.282,0.041,1273.15,246,500,cold,0,0,HTTP,status_500,real
2026-08-28T01:44:26,domain-khong-ton-tai-123456789.com,http://domain-khong-ton-tai-123456789.com/,1,,,,,,50.969,0,,cold,0,0,DNS,gaierror,real
2026-08-28T01:44:27,google.com,https://google.com/,1,0.325,54.321,52.681,145.216,0.035,266.571,847,301,cold,0,1,,,real
2026-08-28T01:44:28,cloudflare.com,https://cloudflare.com/,1,51.012,47.303,51.822,138.294,0.044,304.127,1155,301,cold,0,1,,,real
2026-08-28T01:44:29,expired.badssl.com,https://expired.badssl.com/,1,1.425,279.278,,,,575.834,0,,cold,0,0,TLS,SSLCertVerificationError,real
2026-08-28T01:44:31,wrong.host.badssl.com,https://wrong.host.badssl.com/,1,0.356,267.074,,,,595.487,0,,cold,0,0,TLS,SSLCertVerificationError,real
2026-08-28T01:44:33,github.com,https://github.com/duong-dan-loi-404-test,1,0.348,53.852,52.83,102.911,207.638,435.983,309945,404,cold,0,0,HTTP,status_404,real
2026-08-28T01:44:34,httpbin.org,https://httpbin.org/status/500,1,1.423,276.823,593.111,272.798,0.034,1157.447,246,500,cold,0,0,HTTP,status_500,real
2026-08-28T01:44:36,domain-khong-ton-tai-123456789.com,http://domain-khong-ton-tai-123456789.com/,1,,,,,,49.906,0,,cold,0,0,DNS,gaierror,real
2026-08-28T01:44:37,google.com,https://google.com/,1,0.346,54.496,52.965,165.539,0.068,286.703,847,301,cold,0,1,,,real
2026-08-28T01:44:39,cloudflare.com,https://cloudflare.com/,1,0.343,62.74,50.835,141.716,0.048,277.272,1153,301,cold,0,1,,,real
2026-08-28T01:44:40,expired.badssl.com,https://expired.badssl.com/,1,0.294,282.327,,,,581.958,0,,cold,0,0,TLS,SSLCertVerificationError,real
2026-08-28T01:44:41,wrong.host.badssl.com,https://wrong.host.badssl.com/,1,0.341,266.073,,,,600.562,0,,cold,0,0,TLS,SSLCertVerificationError,real
2026-08-28T01:44:43,github.com,https://github.com/duong-dan-loi-404-test,1,2.147,53.446,56.599,110.777,212.816,450.463,309930,404,cold,0,0,HTTP,status_404,real
2026-08-28T01:44:44,httpbin.org,https://httpbin.org/status/500,1,0.379,273.82,594.045,389.132,0.036,1271.761,246,500,cold,0,0,HTTP,status_500,real
2026-08-28T01:44:47,domain-khong-ton-tai-123456789.com,http://domain-khong-ton-tai-123456789.com/,1,,,,,,49.3,0,,cold,0,0,DNS,gaierror,real
2026-08-28T01:44:48,google.com,https://google.com/,1,0.388,52.277,52.728,142.404,0.04,260.296,847,301,cold,0,1,,,real
2026-08-28T01:44:49,cloudflare.com,https://cloudflare.com/,1,1.505,47.49,52.292,139.325,0.079,269.913,1156,301,cold,0,1,,,real
2026-08-28T01:44:50,expired.badssl.com,https://expired.badssl.com/,1,0.329,268.655,,,,557.103,0,,cold,0,0,TLS,SSLCertVerificationError,real
2026-08-28T01:44:52,wrong.host.badssl.com,https://wrong.host.badssl.com/,1,0.353,279.905,,,,572.749,0,,cold,0,0,TLS,SSLCertVerificationError,real
2026-08-28T01:44:53,github.com,https://github.com/duong-dan-loi-404-test,1,51.431,65.578,55.245,103.134,207.155,497.309,309934,404,cold,0,0,HTTP,status_404,real
2026-08-28T01:44:55,httpbin.org,https://httpbin.org/status/500,1,0.441,292.882,629.56,290.73,0.031,1226.982,246,500,cold,0,0,HTTP,status_500,real
2026-08-28T01:44:57,domain-khong-ton-tai-123456789.com,http://domain-khong-ton-tai-123456789.com/,1,,,,,,49.131,0,,cold,0,0,DNS,gaierror,real
2026-08-28T01:44:58,google.com,https://google.com/,1,2.268,65.652,52.935,142.606,0.03,307.889,847,301,cold,0,1,,,real
2026-08-28T01:45:00,cloudflare.com,https://cloudflare.com/,1,0.334,47.91,52.828,142.655,0.04,267.356,1160,301,cold,0,1,,,real
2026-08-28T01:45:01,expired.badssl.com,https://expired.badssl.com/,1,0.364,272.608,,,,566.941,0,,cold,0,0,TLS,SSLCertVerificationError,real
2026-08-28T01:45:02,wrong.host.badssl.com,https://wrong.host.badssl.com/,1,0.358,274.939,,,,563.339,0,,cold,0,0,TLS,SSLCertVerificationError,real
2026-08-28T01:45:04,github.com,https://github.com/duong-dan-loi-404-test,1,0.547,54.165,53.783,107.423,210.719,454.133,309944,404,cold,0,0,HTTP,status_404,real
2026-08-28T01:45:05,httpbin.org,https://httpbin.org/status/500,1,1.254,284.154,607.19,282.107,0.035,1188.505,246,500,cold,0,0,HTTP,status_500,real
2026-08-28T01:45:08,domain-khong-ton-tai-123456789.com,http://domain-khong-ton-tai-123456789.com/,1,,,,,,49.841,0,,cold,0,0,DNS,gaierror,real
2026-08-28T01:45:09,google.com,https://google.com/,1,0.328,53.262,52.733,144.212,0.035,279.861,847,301,cold,0,1,,,real
2026-08-28T01:45:10,cloudflare.com,https://cloudflare.com/,1,0.313,49.597,52.406,148.342,0.042,265.385,1163,301,cold,0,1,,,real
2026-08-28T01:45:11,expired.badssl.com,https://expired.badssl.com/,1,0.357,271.141,,,,562.086,0,,cold,0,0,TLS,SSLCertVerificationError,real
2026-08-28T01:45:13,wrong.host.badssl.com,https://wrong.host.badssl.com/,1,2.543,266.91,,,,559.97,0,,cold,0,0,TLS,SSLCertVerificationError,real
2026-08-28T01:45:14,github.com,https://github.com/duong-dan-loi-404-test,1,1.163,73.209,54.132,108.954,206.528,458.047,309928,404,cold,0,0,HTTP,status_404,real
2026-08-28T01:45:16,httpbin.org,https://httpbin.org/status/500,1,0.387,297.918,635.164,295.948,0.057,1243.755,246,500,cold,0,0,HTTP,status_500,real
2026-08-28T01:45:18,domain-khong-ton-tai-123456789.com,http://domain-khong-ton-tai-123456789.com/,1,,,,,,50.966,0,,cold,0,0,DNS,gaierror,real
2026-08-28T01:45:19,google.com,https://google.com/,1,0.341,54.411,53.94,145.076,0.035,282.801,847,301,cold,0,1,,,real
2026-08-28T01:45:20,cloudflare.com,https://cloudflare.com/,1,0.315,47.092,51.514,142.128,0.048,254.673,1153,301,cold,0,1,,,real
2026-08-28T01:45:22,expired.badssl.com,https://expired.badssl.com/,1,0.417,270.106,,,,586.01,0,,cold,0,0,TLS,SSLCertVerificationError,real
2026-08-28T01:45:23,wrong.host.badssl.com,https://wrong.host.badssl.com/,1,0.356,272.276,,,,625.222,0,,cold,0,0,TLS,SSLCertVerificationError,real
2026-08-28T01:45:25,github.com,https://github.com/duong-dan-loi-404-test,1,0.367,53.002,99.548,107.535,205.355,478.916,309929,404,cold,0,0,HTTP,status_404,real
2026-08-28T01:45:26,httpbin.org,https://httpbin.org/status/500,1,50.427,296.555,610.405,282.33,0.034,1255.482,246,500,cold,0,0,HTTP,status_500,real
2026-08-28T01:45:29,domain-khong-ton-tai-123456789.com,http://domain-khong-ton-tai-123456789.com/,1,,,,,,50.508,0,,cold,0,0,DNS,gaierror,real
2026-08-28T01:45:30,google.com,https://google.com/,1,0.53,52.858,53.319,145.683,0.035,266.411,847,301,cold,0,1,,,real
2026-08-28T01:45:31,cloudflare.com,https://cloudflare.com/,1,0.376,48.329,57.25,139.31,0.049,259.621,1152,301,cold,0,1,,,real
2026-08-28T01:45:32,expired.badssl.com,https://expired.badssl.com/,1,0.707,288.509,,,,588.347,0,,cold,0,0,TLS,SSLCertVerificationError,real
2026-08-28T01:45:34,wrong.host.badssl.com,https://wrong.host.badssl.com/,1,0.303,271.181,,,,570.106,0,,cold,0,0,TLS,SSLCertVerificationError,real
2026-08-28T01:45:35,github.com,https://github.com/duong-dan-loi-404-test,1,0.545,70.835,56.255,106.853,207.081,459.76,309924,404,cold,0,0,HTTP,status_404,real
2026-08-28T01:45:37,httpbin.org,https://httpbin.org/status/500,1,0.663,288.366,617.271,286.364,0.033,1217.806,246,500,cold,0,0,HTTP,status_500,real
2026-08-28T01:45:39,domain-khong-ton-tai-123456789.com,http://domain-khong-ton-tai-123456789.com/,1,,,,,,49.525,0,,cold,0,0,DNS,gaierror,real
2026-08-28T01:45:40,google.com,https://google.com/,1,49.321,52.536,51.942,142.051,0.035,310.076,847,301,cold,0,1,,,real
2026-08-28T01:45:41,cloudflare.com,https://cloudflare.com/,1,0.319,48.691,51.585,141.735,0.073,267.31,1158,301,cold,0,1,,,real
2026-08-28T01:45:43,expired.badssl.com,https://expired.badssl.com/,1,1.449,265.479,,,,554.302,0,,cold,0,0,TLS,SSLCertVerificationError,real
2026-08-28T01:45:44,wrong.host.badssl.com,https://wrong.host.badssl.com/,1,6.376,263.364,,,,645.481,0,,cold,0,0,TLS,SSLCertVerificationError,real
2026-08-28T01:45:46,github.com,https://github.com/duong-dan-loi-404-test,1,0.401,52.315,53.681,107.163,207.225,434.614,309929,404,cold,0,0,HTTP,status_404,real
2026-08-28T01:45:47,httpbin.org,https://httpbin.org/status/500,1,0.363,295.776,636.944,294.693,0.032,1241.251,246,500,cold,0,0,HTTP,status_500,real
2026-08-28T01:45:50,domain-khong-ton-tai-123456789.com,http://domain-khong-ton-tai-123456789.com/,1,,,,,,50.611,0,,cold,0,0,DNS,gaierror,real
2026-08-28T01:45:51,google.com,https://google.com/,1,0.32,54.212,97.887,143.128,0.036,308.619,847,301,cold,0,1,,,real
2026-08-28T01:45:52,cloudflare.com,https://cloudflare.com/,1,0.352,47.542,52.199,140.129,0.071,253.4,1160,301,cold,0,1,,,real
2026-08-28T01:45:53,expired.badssl.com,https://expired.badssl.com/,1,0.368,265.297,,,,545.815,0,,cold,0,0,TLS,SSLCertVerificationError,real
2026-08-28T01:45:55,wrong.host.badssl.com,https://wrong.host.badssl.com/,1,19.368,270.968,,,,574.385,0,,cold,0,0,TLS,SSLCertVerificationError,real
2026-08-28T01:45:56,github.com,https://github.com/duong-dan-loi-404-test,1,49.225,57.567,54.887,106.201,205.53,486.176,309926,404,cold,0,0,HTTP,status_404,real
2026-08-28T01:45:58,httpbin.org,https://httpbin.org/status/500,1,0.382,303.319,647.958,301.583,0.033,1268.079,246,500,cold,0,0,HTTP,status_500,real
2026-08-28T01:46:00,domain-khong-ton-tai-123456789.com,http://domain-khong-ton-tai-123456789.com/,1,,,,,,48.777,0,,cold,0,0,DNS,gaierror,real
2026-08-28T01:46:01,google.com,https://google.com/,1,0.356,52.87,100.765,144.473,0.042,315.254,847,301,cold,0,1,,,real
2026-08-28T01:46:02,cloudflare.com,https://cloudflare.com/,1,0.34,47.7,50.753,150.347,0.046,262.505,1157,301,cold,0,1,,,real
2026-08-28T01:46:04,expired.badssl.com,https://expired.badssl.com/,1,0.344,276.494,,,,596.098,0,,cold,0,0,TLS,SSLCertVerificationError,real
2026-08-28T01:46:05,wrong.host.badssl.com,https://wrong.host.badssl.com/,1,0.673,275.253,,,,581.84,0,,cold,0,0,TLS,SSLCertVerificationError,real
2026-08-28T01:46:07,github.com,https://github.com/duong-dan-loi-404-test,1,0.467,54.365,100.734,105.536,205.036,479.273,309928,404,cold,0,0,HTTP,status_404,real
2026-08-28T01:46:08,httpbin.org,https://httpbin.org/status/500,1,12.012,291.56,625.347,289.5,0.032,1231.937,246,500,cold,0,0,HTTP,status_500,real
2026-08-28T01:46:11,domain-khong-ton-tai-123456789.com,http://domain-khong-ton-tai-123456789.com/,1,,,,,,49.49,0,,cold,0,0,DNS,gaierror,real
2026-08-28T01:46:12,google.com,https://google.com/,1,0.443,55.602,53.088,145.934,0.065,284.356,847,301,cold,0,1,,,real
2026-08-28T01:46:13,cloudflare.com,https://cloudflare.com/,1,0.336,48.371,50.451,140.408,0.044,270.706,1163,301,cold,0,1,,,real
2026-08-28T01:46:14,expired.badssl.com,https://expired.badssl.com/,1,2.109,266.13,,,,555.977,0,,cold,0,0,TLS,SSLCertVerificationError,real
2026-08-28T01:46:16,wrong.host.badssl.com,https://wrong.host.badssl.com/,1,2.617,276.209,,,,577.543,0,,cold,0,0,TLS,SSLCertVerificationError,real
2026-08-28T01:46:17,github.com,https://github.com/duong-dan-loi-404-test,1,0.347,54.562,99.666,105.172,207.794,481.513,309926,404,cold,0,0,HTTP,status_404,real
2026-08-28T01:46:19,httpbin.org,https://httpbin.org/status/500,1,0.383,289.433,615.188,415.063,0.032,1333.124,246,500,cold,0,0,HTTP,status_500,real
2026-08-28T01:46:21,domain-khong-ton-tai-123456789.com,http://domain-khong-ton-tai-123456789.com/,1,,,,,,49.812,0,,cold,0,0,DNS,gaierror,real
2026-08-28T01:46:22,google.com,https://google.com/,1,0.447,53.783,52.176,147.09,0.044,267.715,847,301,cold,0,1,,,real
2026-08-28T01:46:23,cloudflare.com,https://cloudflare.com/,1,0.263,46.914,49.758,140.029,0.077,251.511,1160,301,cold,0,1,,,real
2026-08-28T01:46:25,expired.badssl.com,https://expired.badssl.com/,1,0.641,287.447,,,,576.967,0,,cold,0,0,TLS,SSLCertVerificationError,real
2026-08-28T01:46:26,wrong.host.badssl.com,https://wrong.host.badssl.com/,1,0.332,280.759,,,,580.285,0,,cold,0,0,TLS,SSLCertVerificationError,real
2026-08-28T01:46:28,github.com,https://github.com/duong-dan-loi-404-test,1,2.382,59.133,53.873,107.582,206.397,448.089,309922,404,cold,0,0,HTTP,status_404,real
2026-08-28T01:46:29,httpbin.org,https://httpbin.org/status/500,1,55.374,295.846,637.224,293.718,0.033,1295.531,246,500,cold,0,0,HTTP,status_500,real
2026-08-28T01:46:32,domain-khong-ton-tai-123456789.com,http://domain-khong-ton-tai-123456789.com/,1,,,,,,49.13,0,,cold,0,0,DNS,gaierror,real
2026-08-28T01:46:33,google.com,https://google.com/,1,2.252,53.13,98.349,142.912,0.087,314.971,847,301,cold,0,1,,,real
2026-08-28T01:46:34,cloudflare.com,https://cloudflare.com/,1,0.369,47.684,50.076,141.255,0.045,263.815,1157,301,cold,0,1,,,real
2026-08-28T01:46:35,expired.badssl.com,https://expired.badssl.com/,1,0.391,281.461,,,,575.798,0,,cold,0,0,TLS,SSLCertVerificationError,real
2026-08-28T01:46:37,wrong.host.badssl.com,https://wrong.host.badssl.com/,1,0.339,258.444,,,,580.8,0,,cold,0,0,TLS,SSLCertVerificationError,real
2026-08-28T01:46:38,github.com,https://github.com/duong-dan-loi-404-test,1,0.345,53.845,99.149,106.832,205.384,480.246,309927,404,cold,0,0,HTTP,status_404,real
2026-08-28T01:46:40,httpbin.org,https://httpbin.org/status/500,1,0.36,289.947,619.38,285.876,0.032,1210.305,246,500,cold,0,0,HTTP,status_500,real
2026-08-28T01:46:42,domain-khong-ton-tai-123456789.com,http://domain-khong-ton-tai-123456789.com/,1,,,,,,48.97,0,,cold,0,0,DNS,gaierror,real
2026-08-28T01:46:43,google.com,https://google.com/,1,0.354,54.354,53.341,143.897,0.036,267.179,847,301,cold,0,1,,,real
2026-08-28T01:46:44,cloudflare.com,https://cloudflare.com/,1,0.345,47.388,52.18,139.598,0.054,253.22,1163,301,cold,0,1,,,real
2026-08-28T01:46:46,expired.badssl.com,https://expired.badssl.com/,1,0.631,269.026,,,,552.12,0,,cold,0,0,TLS,SSLCertVerificationError,real
2026-08-28T01:46:47,wrong.host.badssl.com,https://wrong.host.badssl.com/,1,0.374,277.787,,,,568.951,0,,cold,0,0,TLS,SSLCertVerificationError,real
2026-08-28T01:46:49,github.com,https://github.com/duong-dan-loi-404-test,1,0.33,53.575,53.775,103.665,208.149,433.63,309951,404,cold,0,0,HTTP,status_404,real
2026-08-28T01:46:50,httpbin.org,https://httpbin.org/status/500,1,0.623,288.787,618.883,286.471,0.033,1224.447,246,500,cold,0,0,HTTP,status_500,real
2026-08-28T01:46:52,domain-khong-ton-tai-123456789.com,http://domain-khong-ton-tai-123456789.com/,1,,,,,,49.723,0,,cold,0,0,DNS,gaierror,real
2026-08-28T01:46:53,google.com,https://google.com/,1,0.402,54.132,53.627,144.884,0.036,266.498,847,301,cold,0,1,,,real
2026-08-28T01:46:55,cloudflare.com,https://cloudflare.com/,1,0.363,47.667,50.585,140.753,0.07,252.137,1154,301,cold,0,1,,,real
2026-08-28T01:46:56,expired.badssl.com,https://expired.badssl.com/,1,0.378,258.286,,,,529.044,0,,cold,0,0,TLS,SSLCertVerificationError,real
2026-08-28T01:46:58,wrong.host.badssl.com,https://wrong.host.badssl.com/,1,0.384,267.236,,,,545.907,0,,cold,0,0,TLS,SSLCertVerificationError,real
2026-08-28T01:46:59,github.com,https://github.com/duong-dan-loi-404-test,1,52.581,59.153,52.88,108.943,207.365,493.592,309924,404,cold,0,0,HTTP,status_404,real
2026-08-28T01:47:01,httpbin.org,https://httpbin.org/status/500,1,0.372,294.067,629.272,291.492,0.034,1227.854,246,500,cold,0,0,HTTP,status_500,real
2026-08-28T01:47:03,domain-khong-ton-tai-123456789.com,http://domain-khong-ton-tai-123456789.com/,1,,,,,,49.238,0,,cold,0,0,DNS,gaierror,real
2026-08-28T01:47:04,google.com,https://google.com/,1,0.44,56.308,97.41,144.115,0.034,313.089,847,301,cold,0,1,,,real
2026-08-28T01:47:05,cloudflare.com,https://cloudflare.com/,1,0.332,49.035,51.088,165.382,0.046,283.679,1157,301,cold,0,1,,,real
2026-08-28T01:47:06,expired.badssl.com,https://expired.badssl.com/,1,0.342,262.27,,,,547.04,0,,cold,0,0,TLS,SSLCertVerificationError,real
2026-08-28T01:47:08,wrong.host.badssl.com,https://wrong.host.badssl.com/,1,0.378,290.712,,,,584.347,0,,cold,0,0,TLS,SSLCertVerificationError,real
2026-08-28T01:47:10,github.com,https://github.com/duong-dan-loi-404-test,1,0.562,53.702,55.334,106.254,205.843,451.532,309916,404,cold,0,0,HTTP,status_404,real
2026-08-28T01:47:11,httpbin.org,https://httpbin.org/status/500,1,0.332,295.325,627.325,317.434,0.034,1256.88,246,500,cold,0,0,HTTP,status_500,real
2026-08-28T01:47:13,domain-khong-ton-tai-123456789.com,http://domain-khong-ton-tai-123456789.com/,1,,,,,,49.698,0,,cold,0,0,DNS,gaierror,real
2026-08-28T01:47:14,google.com,https://google.com/,1,2.524,54.172,52.471,144.211,0.039,272.474,847,301,cold,0,1,,,real
2026-08-28T01:47:16,cloudflare.com,https://cloudflare.com/,1,0.433,48.271,50.381,141.311,0.042,253.367,1153,301,cold,0,1,,,real
2026-08-28T01:47:17,expired.badssl.com,https://expired.badssl.com/,1,0.367,273.98,,,,568.021,0,,cold,0,0,TLS,SSLCertVerificationError,real
2026-08-28T01:47:18,wrong.host.badssl.com,https://wrong.host.badssl.com/,1,0.339,285.846,,,,619.783,0,,cold,0,0,TLS,SSLCertVerificationError,real
2026-08-28T01:47:20,github.com,https://github.com/duong-dan-loi-404-test,1,49.227,54.008,55.63,108.83,204.689,501.432,309922,404,cold,0,0,HTTP,status_404,real
2026-08-28T01:47:22,httpbin.org,https://httpbin.org/status/500,1,0.254,292.443,628.177,290.685,0.033,1224.465,246,500,cold,0,0,HTTP,status_500,real
2026-08-28T01:47:24,domain-khong-ton-tai-123456789.com,http://domain-khong-ton-tai-123456789.com/,1,,,,,,48.902,0,,cold,0,0,DNS,gaierror,real
2026-08-28T01:47:25,google.com,https://google.com/,1,0.941,54.255,53.787,142.769,0.033,265.819,847,301,cold,0,1,,,real
2026-08-28T01:47:26,cloudflare.com,https://cloudflare.com/,1,0.617,46.745,52.084,147.789,0.043,261.249,1155,301,cold,0,1,,,real
2026-08-28T01:47:27,expired.badssl.com,https://expired.badssl.com/,1,0.368,271.131,,,,542.835,0,,cold,0,0,TLS,SSLCertVerificationError,real
2026-08-28T01:47:29,wrong.host.badssl.com,https://wrong.host.badssl.com/,1,2.71,260.652,,,,537.14,0,,cold,0,0,TLS,SSLCertVerificationError,real
2026-08-28T01:47:30,github.com,https://github.com/duong-dan-loi-404-test,1,0.602,53.831,53.675,115.908,206.308,444.334,309911,404,cold,0,0,HTTP,status_404,real
2026-08-28T01:47:32,httpbin.org,https://httpbin.org/status/500,1,50.265,284.115,611.422,280.328,0.032,1241.151,246,500,cold,0,0,HTTP,status_500,real
2026-08-28T01:47:34,domain-khong-ton-tai-123456789.com,http://domain-khong-ton-tai-123456789.com/,1,,,,,,49.814,0,,cold,0,0,DNS,gaierror,real
2026-08-28T01:47:35,google.com,https://google.com/,1,0.348,54.953,98.84,142.823,0.036,312.136,847,301,cold,0,1,,,real
2026-08-28T01:47:37,cloudflare.com,https://cloudflare.com/,1,0.329,47.976,56.388,142.072,0.075,262.682,1154,301,cold,0,1,,,real
2026-08-28T01:47:38,expired.badssl.com,https://expired.badssl.com/,1,0.56,275.793,,,,566.454,0,,cold,0,0,TLS,SSLCertVerificationError,real
2026-08-28T01:47:39,wrong.host.badssl.com,https://wrong.host.badssl.com/,1,0.49,264.594,,,,540.877,0,,cold,0,0,TLS,SSLCertVerificationError,real
2026-08-28T01:47:41,github.com,https://github.com/duong-dan-loi-404-test,1,0.395,52.684,52.768,105.756,206.425,430.63,309926,404,cold,0,0,HTTP,status_404,real
2026-08-28T01:47:42,httpbin.org,https://httpbin.org/status/500,1,0.375,295.937,633.55,294.469,0.04,1237.481,246,500,cold,0,0,HTTP,status_500,real
2026-08-28T01:47:45,domain-khong-ton-tai-123456789.com,http://domain-khong-ton-tai-123456789.com/,1,,,,,,51.193,0,,cold,0,0,DNS,gaierror,real
2026-08-28T01:47:46,google.com,https://google.com/,1,0.419,72.192,98.174,142.534,0.056,327.123,847,301,cold,0,1,,,real
2026-08-28T01:47:47,cloudflare.com,https://cloudflare.com/,1,0.428,64.466,55.331,138.419,0.095,272.694,1156,301,cold,0,1,,,real
2026-08-28T01:47:48,expired.badssl.com,https://expired.badssl.com/,1,2.732,261.337,,,,538.746,0,,cold,0,0,TLS,SSLCertVerificationError,real
2026-08-28T01:47:50,wrong.host.badssl.com,https://wrong.host.badssl.com/,1,0.516,274.84,,,,565.145,0,,cold,0,0,TLS,SSLCertVerificationError,real
2026-08-28T01:47:51,github.com,https://github.com/duong-dan-loi-404-test,1,0.357,53.264,54.92,104.392,207.246,443.035,309941,404,cold,0,0,HTTP,status_404,real
2026-08-28T01:47:53,httpbin.org,https://httpbin.org/status/500,1,0.337,304.782,633.938,297.008,0.039,1251.281,246,500,cold,0,0,HTTP,status_500,real
2026-08-28T01:47:55,domain-khong-ton-tai-123456789.com,http://domain-khong-ton-tai-123456789.com/,1,,,,,,48.916,0,,cold,0,0,DNS,gaierror,real
2026-08-28T01:47:56,google.com,https://google.com/,1,0.33,54.263,54.466,142.783,0.035,266.745,847,301,cold,0,1,,,real
2026-08-28T01:47:57,cloudflare.com,https://cloudflare.com/,1,0.374,48.286,51.19,143.897,0.045,257.679,1160,301,cold,0,1,,,real
2026-08-28T01:47:59,expired.badssl.com,https://expired.badssl.com/,1,0.362,273.028,,,,559.657,0,,cold,0,0,TLS,SSLCertVerificationError,real
2026-08-28T01:48:00,wrong.host.badssl.com,https://wrong.host.badssl.com/,1,0.307,265.913,,,,545.517,0,,cold,0,0,TLS,SSLCertVerificationError,real
2026-08-28T01:48:02,github.com,https://github.com/duong-dan-loi-404-test,1,51.272,55.51,53.986,103.466,206.935,485.546,309934,404,cold,0,0,HTTP,status_404,real
2026-08-28T01:48:03,httpbin.org,https://httpbin.org/status/500,1,49.351,278.845,600.453,277.994,0.033,1221.121,246,500,cold,0,0,HTTP,status_500,real
2026-08-28T01:48:05,domain-khong-ton-tai-123456789.com,http://domain-khong-ton-tai-123456789.com/,1,,,,,,48.921,0,,cold,0,0,DNS,gaierror,real
2026-08-28T01:48:06,google.com,https://google.com/,1,0.346,56.68,51.966,145.476,0.036,276.242,847,301,cold,0,1,,,real
2026-08-28T01:48:08,cloudflare.com,https://cloudflare.com/,1,0.364,47.706,52.129,141.408,0.104,255.84,1156,301,cold,0,1,,,real
2026-08-28T01:48:09,expired.badssl.com,https://expired.badssl.com/,1,53.219,267.189,,,,608.643,0,,cold,0,0,TLS,SSLCertVerificationError,real
2026-08-28T01:48:11,wrong.host.badssl.com,https://wrong.host.badssl.com/,1,58.07,285.454,,,,697.046,0,,cold,0,0,TLS,SSLCertVerificationError,real
2026-08-28T01:48:12,github.com,https://github.com/duong-dan-loi-404-test,1,0.372,53.963,53.747,107.778,204.983,435.191,309927,404,cold,0,0,HTTP,status_404,real
2026-08-28T01:48:14,httpbin.org,https://httpbin.org/status/500,1,0.808,277.805,620.159,277.633,0.033,1190.232,246,500,cold,0,0,HTTP,status_500,real
2026-08-28T01:48:16,domain-khong-ton-tai-123456789.com,http://domain-khong-ton-tai-123456789.com/,1,,,,,,49.68,0,,cold,0,0,DNS,gaierror,real
2026-08-28T01:48:17,google.com,https://google.com/,1,0.572,52.141,52.518,141.512,0.113,261.298,847,301,cold,0,1,,,real
2026-08-28T01:48:18,cloudflare.com,https://cloudflare.com/,1,0.369,49.733,53.509,150.049,0.043,266.679,1152,301,cold,0,1,,,real
2026-08-28T01:48:20,expired.badssl.com,https://expired.badssl.com/,1,0.346,281.438,,,,588.955,0,,cold,0,0,TLS,SSLCertVerificationError,real
2026-08-28T01:48:21,wrong.host.badssl.com,https://wrong.host.badssl.com/,1,0.322,270.609,,,,554.682,0,,cold,0,0,TLS,SSLCertVerificationError,real
2026-08-28T01:48:23,github.com,https://github.com/duong-dan-loi-404-test,1,51.106,54.452,53.185,105.675,219.677,497.15,309919,404,cold,0,0,HTTP,status_404,real
2026-08-28T01:48:24,httpbin.org,https://httpbin.org/status/500,1,0.382,283.543,604.89,280.677,0.049,1190.615,246,500,cold,0,0,HTTP,status_500,real
2026-08-28T01:48:26,domain-khong-ton-tai-123456789.com,http://domain-khong-ton-tai-123456789.com/,1,,,,,,49.385,0,,cold,0,0,DNS,gaierror,real
2026-08-28T01:48:27,google.com,https://google.com/,1,0.358,53.524,98.172,142.371,0.041,307.611,847,301,cold,0,1,,,real
2026-08-28T01:48:29,cloudflare.com,https://cloudflare.com/,1,0.335,48.079,52.345,141.024,0.047,254.436,1155,301,cold,0,1,,,real
2026-08-28T01:48:30,expired.badssl.com,https://expired.badssl.com/,1,2.359,273.238,,,,641.41,0,,cold,0,0,TLS,SSLCertVerificationError,real
2026-08-28T01:48:32,wrong.host.badssl.com,https://wrong.host.badssl.com/,1,0.37,279.659,,,,622.132,0,,cold,0,0,TLS,SSLCertVerificationError,real
2026-08-28T01:48:33,github.com,https://github.com/duong-dan-loi-404-test,1,0.34,57.648,54.008,109.131,203.538,443.753,309928,404,cold,0,0,HTTP,status_404,real
2026-08-28T01:48:35,httpbin.org,https://httpbin.org/status/500,1,0.701,281.964,598.604,279.078,0.036,1174.555,246,500,cold,0,0,HTTP,status_500,real
2026-08-28T01:48:37,domain-khong-ton-tai-123456789.com,http://domain-khong-ton-tai-123456789.com/,1,,,,,,48.678,0,,cold,0,0,DNS,gaierror,real
2026-08-28T01:48:38,google.com,https://google.com/,1,0.397,53.503,99.291,144.174,0.061,313.799,847,301,cold,0,1,,,real
2026-08-28T01:48:39,cloudflare.com,https://cloudflare.com/,1,0.381,47.929,52.507,140.464,0.067,256.288,1157,301,cold,0,1,,,real
2026-08-28T01:48:40,expired.badssl.com,https://expired.badssl.com/,1,0.388,279.828,,,,635.186,0,,cold,0,0,TLS,SSLCertVerificationError,real
2026-08-28T01:48:42,wrong.host.badssl.com,https://wrong.host.badssl.com/,1,0.384,270.42,,,,600.896,0,,cold,0,0,TLS,SSLCertVerificationError,real
2026-08-28T01:48:44,github.com,https://github.com/duong-dan-loi-404-test,1,0.355,64.572,55.306,104.984,207.065,446.877,309937,404,cold,0,0,HTTP,status_404,real
2026-08-28T01:48:45,httpbin.org,https://httpbin.org/status/500,1,6.817,289.692,614.655,285.225,0.05,1210.568,246,500,cold,0,0,HTTP,status_500,real
2026-08-28T01:48:47,domain-khong-ton-tai-123456789.com,http://domain-khong-ton-tai-123456789.com/,1,,,,,,49.546,0,,cold,0,0,DNS,gaierror,real
2026-08-28T01:48:48,google.com,https://google.com/,1,0.342,54.037,100.12,143.2,0.034,322.546,847,301,cold,0,1,,,real
2026-08-28T01:48:50,cloudflare.com,https://cloudflare.com/,1,0.864,47.166,55.061,145.612,0.045,263.75,1164,301,cold,0,1,,,real
2026-08-28T01:48:51,expired.badssl.com,https://expired.badssl.com/,1,0.371,278.949,,,,569.801,0,,cold,0,0,TLS,SSLCertVerificationError,real
2026-08-28T01:48:53,wrong.host.badssl.com,https://wrong.host.badssl.com/,1,0.597,271.429,,,,555.328,0,,cold,0,0,TLS,SSLCertVerificationError,real
2026-08-28T01:48:54,github.com,https://github.com/duong-dan-loi-404-test,1,0.533,53.277,53.628,106.472,204.519,431.386,309935,404,cold,0,0,HTTP,status_404,real
2026-08-28T01:48:56,httpbin.org,https://httpbin.org/status/500,1,49.303,289.126,619.701,285.987,0.038,1257.612,246,500,cold,0,0,HTTP,status_500,real
2026-08-28T01:48:58,domain-khong-ton-tai-123456789.com,http://domain-khong-ton-tai-123456789.com/,1,,,,,,49.51,0,,cold,0,0,DNS,gaierror,real
2026-08-28T01:48:59,google.com,https://google.com/,1,0.295,53.846,52.602,142.28,0.058,262.645,847,301,cold,0,1,,,real
2026-08-28T01:49:00,cloudflare.com,https://cloudflare.com/,1,2.336,47.28,49.957,139.4,0.043,255.153,1157,301,cold,0,1,,,real
2026-08-28T01:49:01,expired.badssl.com,https://expired.badssl.com/,1,0.342,265.327,,,,591.801,0,,cold,0,0,TLS,SSLCertVerificationError,real
2026-08-28T01:49:03,wrong.host.badssl.com,https://wrong.host.badssl.com/,1,0.528,271.11,,,,569.909,0,,cold,0,0,TLS,SSLCertVerificationError,real
2026-08-28T01:49:05,github.com,https://github.com/duong-dan-loi-404-test,1,48.573,53.707,55.134,109.402,205.689,488.444,309937,404,cold,0,0,HTTP,status_404,real
2026-08-28T01:49:06,httpbin.org,https://httpbin.org/status/500,1,0.393,294.632,611.776,284.071,0.032,1204.868,246,500,cold,0,0,HTTP,status_500,real
2026-08-28T01:49:08,domain-khong-ton-tai-123456789.com,http://domain-khong-ton-tai-123456789.com/,1,,,,,,50.704,0,,cold,0,0,DNS,gaierror,real
2026-08-28T01:49:09,google.com,https://google.com/,1,0.38,53.235,52.644,143.665,0.044,263.686,847,301,cold,0,1,,,real
2026-08-28T01:49:11,cloudflare.com,https://cloudflare.com/,1,0.503,48.109,51.47,139.025,0.041,252.818,1156,301,cold,0,1,,,real
2026-08-28T01:49:12,expired.badssl.com,https://expired.badssl.com/,1,0.32,264.459,,,,556.845,0,,cold,0,0,TLS,SSLCertVerificationError,real
2026-08-28T01:49:13,wrong.host.badssl.com,https://wrong.host.badssl.com/,1,0.517,277.918,,,,566.024,0,,cold,0,0,TLS,SSLCertVerificationError,real
2026-08-28T01:49:15,github.com,https://github.com/duong-dan-loi-404-test,1,53.335,52.522,54.178,107.482,204.771,497.223,309922,404,cold,0,0,HTTP,status_404,real
2026-08-28T01:49:16,httpbin.org,https://httpbin.org/status/500,1,52.224,291.673,630.129,299.116,0.032,1298.651,246,500,cold,0,0,HTTP,status_500,real
2026-08-28T01:49:19,domain-khong-ton-tai-123456789.com,http://domain-khong-ton-tai-123456789.com/,1,,,,,,49.209,0,,cold,0,0,DNS,gaierror,real
2026-08-28T01:49:20,google.com,https://google.com/,1,0.357,54.298,99.456,145.46,0.036,312.694,847,301,cold,0,1,,,real
2026-08-28T01:49:21,cloudflare.com,https://cloudflare.com/,1,0.391,47.551,51.351,140.594,0.043,253.443,1158,301,cold,0,1,,,real
2026-08-28T01:49:22,expired.badssl.com,https://expired.badssl.com/,1,0.359,266.402,,,,557.923,0,,cold,0,0,TLS,SSLCertVerificationError,real
2026-08-28T01:49:24,wrong.host.badssl.com,https://wrong.host.badssl.com/,1,0.904,272.782,,,,642.258,0,,cold,0,0,TLS,SSLCertVerificationError,real
2026-08-28T01:49:26,github.com,https://github.com/duong-dan-loi-404-test,1,0.391,52.308,53.216,104.264,206.543,437.665,309936,404,cold,0,0,HTTP,status_404,real
2026-08-28T01:49:27,httpbin.org,https://httpbin.org/status/500,1,0.359,284.823,566.301,284.769,0.033,1153.506,246,500,cold,0,0,HTTP,status_500,real
2026-08-28T01:49:29,domain-khong-ton-tai-123456789.com,http://domain-khong-ton-tai-123456789.com/,1,,,,,,48.417,0,,cold,0,0,DNS,gaierror,real
2026-08-28T01:49:30,google.com,https://google.com/,1,0.385,53.412,53.094,141.496,0.034,262.808,847,301,cold,0,1,,,real
2026-08-28T01:49:32,cloudflare.com,https://cloudflare.com/,1,48.724,47.65,51.212,139.784,0.04,303.075,1159,301,cold,0,1,,,real
2026-08-28T01:49:33,expired.badssl.com,https://expired.badssl.com/,1,0.529,266.323,,,,546.17,0,,cold,0,0,TLS,SSLCertVerificationError,real
2026-08-28T01:49:34,wrong.host.badssl.com,https://wrong.host.badssl.com/,1,0.341,262.06,,,,584.575,0,,cold,0,0,TLS,SSLCertVerificationError,real
2026-08-28T01:49:36,github.com,https://github.com/duong-dan-loi-404-test,1,0.582,54.189,99.324,108.231,206.054,500.216,309928,404,cold,0,0,HTTP,status_404,real
2026-08-28T01:49:37,httpbin.org,https://httpbin.org/status/500,1,0.363,276.675,595.743,277.47,0.032,1164.888,246,500,cold,0,0,HTTP,status_500,real
2026-08-28T01:49:40,domain-khong-ton-tai-123456789.com,http://domain-khong-ton-tai-123456789.com/,1,,,,,,50.391,0,,cold,0,0,DNS,gaierror,real
2026-08-28T01:49:41,google.com,https://google.com/,1,0.835,53.0,101.033,145.204,0.034,322.174,847,301,cold,0,1,,,real
2026-08-28T01:49:42,cloudflare.com,https://cloudflare.com/,1,0.729,47.889,53.42,140.334,0.074,265.393,1161,301,cold,0,1,,,real
2026-08-28T01:49:43,expired.badssl.com,https://expired.badssl.com/,1,3.281,264.913,,,,563.366,0,,cold,0,0,TLS,SSLCertVerificationError,real
2026-08-28T01:49:45,wrong.host.badssl.com,https://wrong.host.badssl.com/,1,2.034,272.633,,,,579.72,0,,cold,0,0,TLS,SSLCertVerificationError,real
2026-08-28T01:49:46,github.com,https://github.com/duong-dan-loi-404-test,1,0.583,54.39,54.819,104.833,207.14,434.924,309924,404,cold,0,0,HTTP,status_404,real
2026-08-28T01:49:48,httpbin.org,https://httpbin.org/status/500,1,0.381,285.764,609.887,283.16,0.032,1197.429,246,500,cold,0,0,HTTP,status_500,real
2026-08-28T01:49:50,domain-khong-ton-tai-123456789.com,http://domain-khong-ton-tai-123456789.com/,1,,,,,,51.727,0,,cold,0,0,DNS,gaierror,real
2026-08-28T01:49:51,google.com,https://google.com/,1,0.377,54.612,54.087,143.0,0.07,265.515,847,301,cold,0,1,,,real
2026-08-28T01:49:52,cloudflare.com,https://cloudflare.com/,1,0.354,47.384,50.291,141.8,0.073,266.341,1156,301,cold,0,1,,,real
2026-08-28T01:49:54,expired.badssl.com,https://expired.badssl.com/,1,0.592,269.68,,,,548.17,0,,cold,0,0,TLS,SSLCertVerificationError,real
2026-08-28T01:49:55,wrong.host.badssl.com,https://wrong.host.badssl.com/,1,0.353,278.806,,,,615.073,0,,cold,0,0,TLS,SSLCertVerificationError,real
2026-08-28T01:49:57,github.com,https://github.com/duong-dan-loi-404-test,1,0.56,53.962,55.346,104.086,206.289,458.379,309936,404,cold,0,0,HTTP,status_404,real
2026-08-28T01:49:58,httpbin.org,https://httpbin.org/status/500,1,0.38,289.593,621.1,289.268,0.06,1214.71,246,500,cold,0,0,HTTP,status_500,real
2026-08-28T01:50:00,domain-khong-ton-tai-123456789.com,http://domain-khong-ton-tai-123456789.com/,1,,,,,,53.57,0,,cold,0,0,DNS,gaierror,real
2026-08-28T01:50:02,google.com,https://google.com/,1,0.39,53.037,53.027,145.1,0.035,266.231,847,301,cold,0,1,,,real
2026-08-28T01:50:03,cloudflare.com,https://cloudflare.com/,1,1.371,47.619,50.71,140.85,0.04,259.454,1158,301,cold,0,1,,,real
2026-08-28T01:50:04,expired.badssl.com,https://expired.badssl.com/,1,0.364,271.137,,,,556.665,0,,cold,0,0,TLS,SSLCertVerificationError,real
2026-08-28T01:50:06,wrong.host.badssl.com,https://wrong.host.badssl.com/,1,0.467,280.544,,,,574.258,0,,cold,0,0,TLS,SSLCertVerificationError,real
2026-08-28T01:50:07,github.com,https://github.com/duong-dan-loi-404-test,1,0.394,54.085,100.538,106.343,207.3,481.854,309940,404,cold,0,0,HTTP,status_404,real
2026-08-28T01:50:09,httpbin.org,https://httpbin.org/status/500,1,0.561,287.118,619.248,285.644,0.049,1205.467,246,500,cold,0,0,HTTP,status_500,real
2026-08-28T01:50:11,domain-khong-ton-tai-123456789.com,http://domain-khong-ton-tai-123456789.com/,1,,,,,,49.624,0,,cold,0,0,DNS,gaierror,real
2026-08-28T01:50:12,google.com,https://google.com/,1,0.354,52.786,53.307,143.443,0.034,263.174,847,301,cold,0,1,,,real
2026-08-28T01:50:13,cloudflare.com,https://cloudflare.com/,1,0.626,47.873,50.534,138.66,0.045,254.371,1166,301,cold,0,1,,,real
2026-08-28T01:50:14,expired.badssl.com,https://expired.badssl.com/,1,0.498,260.181,,,,534.01,0,,cold,0,0,TLS,SSLCertVerificationError,real
2026-08-28T01:50:16,wrong.host.badssl.com,https://wrong.host.badssl.com/,1,0.427,268.884,,,,547.469,0,,cold,0,0,TLS,SSLCertVerificationError,real
2026-08-28T01:50:18,github.com,https://github.com/duong-dan-loi-404-test,1,49.235,54.629,54.674,111.463,205.816,504.484,309929,404,cold,0,0,HTTP,status_404,real
2026-08-28T01:50:19,httpbin.org,https://httpbin.org/status/500,1,49.829,282.383,606.571,283.632,0.033,1235.035,246,500,cold,0,0,HTTP,status_500,real
2026-08-28T01:50:21,domain-khong-ton-tai-123456789.com,http://domain-khong-ton-tai-123456789.com/,1,,,,,,50.038,0,,cold,0,0,DNS,gaierror,real
2026-08-28T01:50:22,google.com,https://google.com/,1,0.391,55.559,101.112,145.454,0.035,315.942,847,301,cold,0,1,,,real
2026-08-28T01:50:24,cloudflare.com,https://cloudflare.com/,1,0.358,47.016,54.127,153.976,0.04,269.655,1156,301,cold,0,1,,,real
2026-08-28T01:50:25,expired.badssl.com,https://expired.badssl.com/,1,0.374,277.339,,,,613.727,0,,cold,0,0,TLS,SSLCertVerificationError,real
2026-08-28T01:50:27,wrong.host.badssl.com,https://wrong.host.badssl.com/,1,0.346,276.285,,,,565.41,0,,cold,0,0,TLS,SSLCertVerificationError,real
2026-08-28T01:50:28,github.com,https://github.com/duong-dan-loi-404-test,1,0.298,57.373,54.268,105.784,206.772,437.542,309932,404,cold,0,0,HTTP,status_404,real
2026-08-28T01:50:30,httpbin.org,https://httpbin.org/status/500,1,0.703,295.249,629.812,291.381,0.033,1232.806,246,500,cold,0,0,HTTP,status_500,real
2026-08-28T01:50:32,domain-khong-ton-tai-123456789.com,http://domain-khong-ton-tai-123456789.com/,1,,,,,,49.536,0,,cold,0,0,DNS,gaierror,real
2026-08-28T01:50:33,google.com,https://google.com/,1,0.401,54.974,54.103,144.629,0.062,268.075,847,301,cold,0,1,,,real
2026-08-28T01:50:34,cloudflare.com,https://cloudflare.com/,1,0.382,47.014,50.96,142.183,0.048,255.423,1160,301,cold,0,1,,,real
2026-08-28T01:50:35,expired.badssl.com,https://expired.badssl.com/,1,0.377,275.241,,,,564.947,0,,cold,0,0,TLS,SSLCertVerificationError,real
2026-08-28T01:50:37,wrong.host.badssl.com,https://wrong.host.badssl.com/,1,0.367,270.888,,,,557.22,0,,cold,0,0,TLS,SSLCertVerificationError,real
2026-08-28T01:50:38,github.com,https://github.com/duong-dan-loi-404-test,1,0.45,52.77,53.332,105.736,206.101,443.806,309934,404,cold,0,0,HTTP,status_404,real
2026-08-28T01:50:40,httpbin.org,https://httpbin.org/status/500,1,0.727,281.435,603.497,278.712,0.055,1179.406,246,500,cold,0,0,HTTP,status_500,real
2026-08-28T01:50:42,domain-khong-ton-tai-123456789.com,http://domain-khong-ton-tai-123456789.com/,1,,,,,,49.871,0,,cold,0,0,DNS,gaierror,real
2026-08-28T01:50:43,google.com,https://google.com/,1,49.557,52.606,98.529,144.065,0.052,370.728,847,301,cold,0,1,,,real
2026-08-28T01:50:44,cloudflare.com,https://cloudflare.com/,1,0.907,48.895,53.655,140.52,0.084,259.336,1151,301,cold,0,1,,,real
2026-08-28T01:50:46,expired.badssl.com,https://expired.badssl.com/,1,0.328,287.429,,,,577.156,0,,cold,0,0,TLS,SSLCertVerificationError,real
2026-08-28T01:50:47,wrong.host.badssl.com,https://wrong.host.badssl.com/,1,2.35,282.577,,,,582.825,0,,cold,0,0,TLS,SSLCertVerificationError,real
2026-08-28T01:50:49,github.com,https://github.com/duong-dan-loi-404-test,1,0.363,54.834,53.59,106.554,202.81,430.948,309934,404,cold,0,0,HTTP,status_404,real
2026-08-28T01:50:50,httpbin.org,https://httpbin.org/status/500,1,0.359,294.348,628.37,292.485,0.05,1230.752,246,500,cold,0,0,HTTP,status_500,real
2026-08-28T01:50:53,domain-khong-ton-tai-123456789.com,http://domain-khong-ton-tai-123456789.com/,1,,,,,,49.631,0,,cold,0,0,DNS,gaierror,real
2026-08-28T01:50:54,google.com,https://google.com/,1,0.555,85.414,54.227,143.409,0.132,313.549,847,301,cold,0,1,,,real
2026-08-28T01:50:55,cloudflare.com,https://cloudflare.com/,1,0.336,47.492,50.922,140.712,0.043,254.037,1152,301,cold,0,1,,,real
2026-08-28T01:50:56,expired.badssl.com,https://expired.badssl.com/,1,0.332,260.163,,,,533.303,0,,cold,0,0,TLS,SSLCertVerificationError,real
2026-08-28T01:50:58,wrong.host.badssl.com,https://wrong.host.badssl.com/,1,0.654,279.165,,,,571.341,0,,cold,0,0,TLS,SSLCertVerificationError,real
2026-08-28T01:50:59,github.com,https://github.com/duong-dan-loi-404-test,1,0.336,52.794,78.184,105.799,204.113,453.809,309929,404,cold,0,0,HTTP,status_404,real
2026-08-28T01:51:01,httpbin.org,https://httpbin.org/status/500,1,50.181,284.824,612.964,282.406,0.034,1243.499,246,500,cold,0,0,HTTP,status_500,real
2026-08-28T01:51:03,domain-khong-ton-tai-123456789.com,http://domain-khong-ton-tai-123456789.com/,1,,,,,,50.78,0,,cold,0,0,DNS,gaierror,real
2026-08-28T01:51:04,google.com,https://google.com/,1,0.343,54.072,97.77,144.116,0.035,309.111,847,301,cold,0,1,,,real
2026-08-28T01:51:05,cloudflare.com,https://cloudflare.com/,1,0.396,48.681,52.032,138.707,0.05,252.453,1158,301,cold,0,1,,,real
2026-08-28T01:51:07,expired.badssl.com,https://expired.badssl.com/,1,0.333,267.293,,,,547.309,0,,cold,0,0,TLS,SSLCertVerificationError,real
2026-08-28T01:51:08,wrong.host.badssl.com,https://wrong.host.badssl.com/,1,1.188,268.842,,,,599.325,0,,cold,0,0,TLS,SSLCertVerificationError,real
2026-08-28T01:51:10,github.com,https://github.com/duong-dan-loi-404-test,1,48.961,54.412,100.906,105.612,207.822,532.045,309935,404,cold,0,0,HTTP,status_404,real
2026-08-28T01:51:11,httpbin.org,https://httpbin.org/status/500,1,0.344,285.519,615.995,285.279,0.032,1202.041,246,500,cold,0,0,HTTP,status_500,real
2026-08-28T01:51:14,domain-khong-ton-tai-123456789.com,http://domain-khong-ton-tai-123456789.com/,1,,,,,,49.295,0,,cold,0,0,DNS,gaierror,real
2026-08-28T01:51:15,google.com,https://google.com/,1,0.362,54.295,100.809,144.229,0.039,316.324,847,301,cold,0,1,,,real
2026-08-28T01:51:16,cloudflare.com,https://cloudflare.com/,1,0.434,47.813,52.963,140.942,0.045,258.401,1156,301,cold,0,1,,,real
2026-08-28T01:51:17,expired.badssl.com,https://expired.badssl.com/,1,0.551,265.957,,,,550.027,0,,cold,0,0,TLS,SSLCertVerificationError,real
2026-08-28T01:51:19,wrong.host.badssl.com,https://wrong.host.badssl.com/,1,2.072,274.478,,,,567.676,0,,cold,0,0,TLS,SSLCertVerificationError,real
2026-08-28T01:51:20,github.com,https://github.com/duong-dan-loi-404-test,1,0.389,53.364,52.678,104.663,206.333,432.235,309912,404,cold,0,0,HTTP,status_404,real
2026-08-28T01:51:22,httpbin.org,https://httpbin.org/status/500,1,0.557,295.975,632.781,296.322,0.078,1241.689,246,500,cold,0,0,HTTP,status_500,real
2026-08-28T01:51:24,domain-khong-ton-tai-123456789.com,http://domain-khong-ton-tai-123456789.com/,1,,,,,,48.52,0,,cold,0,0,DNS,gaierror,real
2026-08-28T01:51:25,google.com,https://google.com/,1,0.548,57.712,97.833,143.397,0.05,324.92,847,301,cold,0,1,,,real
2026-08-28T01:51:26,cloudflare.com,https://cloudflare.com/,1,0.332,47.105,51.012,139.873,0.076,255.638,1159,301,cold,0,1,,,real
2026-08-28T01:51:28,expired.badssl.com,https://expired.badssl.com/,1,0.351,280.535,,,,576.65,0,,cold,0,0,TLS,SSLCertVerificationError,real
2026-08-28T01:51:29,wrong.host.badssl.com,https://wrong.host.badssl.com/,1,0.373,272.484,,,,616.17,0,,cold,0,0,TLS,SSLCertVerificationError,real
2026-08-28T01:51:31,github.com,https://github.com/duong-dan-loi-404-test,1,0.364,66.604,101.783,106.315,205.053,503.066,309936,404,cold,0,0,HTTP,status_404,real
2026-08-28T01:51:32,httpbin.org,https://httpbin.org/status/500,1,0.334,284.755,612.175,300.006,0.033,1212.786,246,500,cold,0,0,HTTP,status_500,real
2026-08-28T01:51:34,domain-khong-ton-tai-123456789.com,http://domain-khong-ton-tai-123456789.com/,1,,,,,,48.958,0,,cold,0,0,DNS,gaierror,real
2026-08-28T01:51:36,google.com,https://google.com/,1,0.353,53.61,54.942,145.428,0.038,272.008,847,301,cold,0,1,,,real
2026-08-28T01:51:37,cloudflare.com,https://cloudflare.com/,1,0.359,47.142,50.306,140.382,0.042,257.22,1160,301,cold,0,1,,,real
2026-08-28T01:51:38,expired.badssl.com,https://expired.badssl.com/,1,0.321,260.846,,,,548.334,0,,cold,0,0,TLS,SSLCertVerificationError,real
2026-08-28T01:51:40,wrong.host.badssl.com,https://wrong.host.badssl.com/,1,0.376,276.589,,,,565.436,0,,cold,0,0,TLS,SSLCertVerificationError,real
2026-08-28T01:51:41,github.com,https://github.com/duong-dan-loi-404-test,1,48.365,65.549,53.336,106.432,206.493,493.368,309912,404,cold,0,0,HTTP,status_404,real
2026-08-28T01:51:43,httpbin.org,https://httpbin.org/status/500,1,0.303,284.471,608.309,282.135,0.038,1188.204,246,500,cold,0,0,HTTP,status_500,real
2026-08-28T01:51:45,domain-khong-ton-tai-123456789.com,http://domain-khong-ton-tai-123456789.com/,1,,,,,,48.571,0,,cold,0,0,DNS,gaierror,real
